Average Degree,SF_0-5_S_10,SF_5-10_S_10,SF_10-15_S_10,SF_15-20_S_10,SF_0-10_S_10,SF_0-15_S_10,SF_0-20_S_10,SF_Normal_S_10,SF_95-100_S_10,SF_0-5_T_10,SF_5-10_T_10,SF_10-15_T_10,SF_15-20_T_10,SF_0-10_T_10,SF_0-15_T_10,SF_0-20_T_10,SF_Normal_T_10,SF_95-100_T_10,SF_0-5_N_10,SF_5-10_N_10,SF_10-15_N_10,SF_15-20_N_10,SF_0-10_N_10,SF_0-15_N_10,SF_0-20_N_10,SF_Normal_N_10,SF_95-100_N_10,SF_0-5_S_18,SF_5-10_S_18,SF_10-15_S_18,SF_15-20_S_18,SF_0-10_S_18,SF_0-15_S_18,SF_0-20_S_18,SF_Normal_S_18,SF_95-100_S_18,SF_0-5_T_18,SF_5-10_T_18,SF_10-15_T_18,SF_15-20_T_18,SF_0-10_T_18,SF_0-15_T_18,SF_0-20_T_18,SF_Normal_T_18,SF_95-100_T_18,SF_0-5_N_18,SF_5-10_N_18,SF_10-15_N_18,SF_15-20_N_18,SF_0-10_N_18,SF_0-15_N_18,SF_0-20_N_18,SF_Normal_N_18,SF_95-100_N_18,SF_0-5_S_20,SF_5-10_S_20,SF_10-15_S_20,SF_15-20_S_20,SF_0-10_S_20,SF_0-15_S_20,SF_0-20_S_20,SF_Normal_S_20,SF_95-100_S_20,SF_0-5_T_20,SF_5-10_T_20,SF_10-15_T_20,SF_15-20_T_20,SF_0-10_T_20,SF_0-15_T_20,SF_0-20_T_20,SF_Normal_T_20,SF_95-100_T_20,SF_0-5_N_20,SF_5-10_N_20,SF_10-15_N_20,SF_15-20_N_20,SF_0-10_N_20,SF_0-15_N_20,SF_0-20_N_20,SF_Normal_N_20,SF_95-100_N_20,SF_0-5_S_25,SF_5-10_S_25,SF_10-15_S_25,SF_15-20_S_25,SF_0-10_S_25,SF_0-15_S_25,SF_0-20_S_25,SF_Normal_S_25,SF_95-100_S_25,SF_0-5_T_25,SF_5-10_T_25,SF_10-15_T_25,SF_15-20_T_25,SF_0-10_T_25,SF_0-15_T_25,SF_0-20_T_25,SF_Normal_T_25,SF_95-100_T_25,SF_0-5_N_25,SF_5-10_N_25,SF_10-15_N_25,SF_15-20_N_25,SF_0-10_N_25,SF_0-15_N_25,SF_0-20_N_25,SF_Normal_N_25,SF_95-100_N_25,SF_0-5_S_50,SF_5-10_S_50,SF_10-15_S_50,SF_15-20_S_50,SF_0-10_S_50,SF_0-15_S_50,SF_0-20_S_50,SF_Normal_S_50,SF_95-100_S_50,SF_0-5_T_50,SF_5-10_T_50,SF_10-15_T_50,SF_15-20_T_50,SF_0-10_T_50,SF_0-15_T_50,SF_0-20_T_50,SF_Normal_T_50,SF_95-100_T_50,SF_0-5_N_50,SF_5-10_N_50,SF_10-15_N_50,SF_15-20_N_50,SF_0-10_N_50,SF_0-15_N_50,SF_0-20_N_50,SF_Normal_N_50,SF_95-100_N_50,SF_0-5_S_5,SF_5-10_S_5,SF_10-15_S_5,SF_15-20_S_5,SF_0-10_S_5,SF_0-15_S_5,SF_0-20_S_5,SF_Normal_S_5,SF_95-100_S_5,SF_0-5_T_5,SF_5-10_T_5,SF_10-15_T_5,SF_15-20_T_5,SF_0-10_T_5,SF_0-15_T_5,SF_0-20_T_5,SF_Normal_T_5,SF_95-100_T_5,SF_0-5_N_5,SF_5-10_N_5,SF_10-15_N_5,SF_15-20_N_5,SF_0-10_N_5,SF_0-15_N_5,SF_0-20_N_5,SF_Normal_N_5,SF_95-100_N_5
1,19.386000000000006,12.479999999999995,11.272000000000002,10.638000000000002,15.933,14.379333333333333,13.444,9.58561616767672,10.102,0.3609999999999999,0.26558000000000004,0.26096,0.2704,0.31329,0.29584666666666665,0.289485,0.28956744550540586,0.31707,0.1938600000000001,0.12479999999999995,0.11272,0.10638000000000004,0.15933,0.14379333333333333,0.13444,0.0958561616767672,0.10101999999999996,14.722000000000005,7.378000000000001,5.400000000000001,4.526,11.049999999999995,9.166666666666664,8.0065,3.3358639398193644,3.6460000000000004,0.22648000000000001,0.10330000000000003,0.07326,0.06402000000000001,0.16489,0.13434666666666667,0.11676499999999995,0.05754432784971812,0.06749000000000001,0.14722000000000002,0.07378000000000001,0.05400000000000001,0.04526,0.11049999999999996,0.09166666666666663,0.08006500000000001,0.03335863939819364,0.03645999999999999,12.679999999999998,6.62,4.644,3.6639999999999997,9.65,7.981333333333334,6.901999999999999,2.347324444207422,2.5979999999999994,0.1817,0.08266,0.054700000000000006,0.040999999999999995,0.13218,0.10635333333333334,0.09001499999999997,0.028534274115731038,0.03381,0.12679999999999994,0.0662,0.04644,0.03664,0.0965,0.07981333333333332,0.06902,0.02347324444207421,0.02598,10.82,5.816,4.002,3.096,8.318,6.879333333333332,5.933500000000001,1.70208199488056,1.945,0.1377,0.06688000000000001,0.04054,0.02802,0.10228999999999999,0.08170666666666669,0.06828500000000001,0.012142794014781216,0.016980000000000002,0.1082,0.05816,0.04002,0.03096,0.08317999999999999,0.06879333333333333,0.05933500000000001,0.0170208199488056,0.01945,5.5280000000000005,3.282,2.6239999999999997,2.124,4.405,3.8113333333333332,3.3895000000000004,1.0,1.0,0.04528,0.02282,0.01624,0.011240000000000002,0.034050000000000004,0.02811333333333334,0.023895,0.0,0.0,0.05528,0.03282,0.02624,0.021240000000000002,0.044050000000000006,0.03811333333333333,0.033895,0.01,0.01,21.986000000000004,22.951999999999998,21.733999999999995,20.146,22.469,22.224,21.7045,20.559303004648946,21.410999999999998,0.4231199999999999,0.5833,0.5893200000000001,0.57502,0.50321,0.5319133333333333,0.54269,0.6990096837311428,0.77772,0.21986000000000008,0.22951999999999997,0.21733999999999995,0.20146,0.22469,0.22224000000000002,0.217045,0.20559303004648946,0.21411
2,53.93200000000001,56.244,58.298,58.472,55.088,56.158,56.7365,47.57233438679887,50.87300000000001,1.13396,1.48678,1.7787400000000002,1.91144,1.31037,1.4664933333333334,1.5777299999999996,1.838253492946186,1.99238,0.5393200000000001,0.5624399999999999,0.5829799999999999,0.58472,0.5508799999999999,0.56158,0.567365,0.4757233438679887,0.50873,59.358000000000004,60.33999999999999,59.69600000000001,52.422,59.849,59.798,57.95400000000001,24.09948674852207,30.111000000000004,1.63922,2.2839000000000005,2.654080000000001,2.60708,1.96156,2.192400000000001,2.2960700000000003,1.4158027036906469,1.7476599999999998,0.59358,0.6033999999999999,0.59696,0.52422,0.59849,0.5979800000000001,0.5795399999999999,0.24099486748522064,0.30111000000000004,57.78,58.074,45.106,33.894,57.927,53.65333333333333,48.7135,7.04816717909487,9.379,1.89264,2.85296,2.56382,2.0131,2.3728,2.4364733333333337,2.3306299999999998,0.40937427052576303,0.5674399999999999,0.5778,0.5807399999999999,0.45106,0.33894,0.57927,0.5365333333333333,0.487135,0.0704816717909487,0.09379,39.474,12.612,8.271999999999998,6.34,26.04300000000001,20.119333333333326,16.674500000000002,1.4168469841763076,1.7219999999999995,1.67388,0.3939999999999999,0.24622,0.1557,1.0339399999999999,0.7713666666666668,0.6174499999999999,0.007238874275998013,0.017189999999999997,0.39474,0.12612,0.08271999999999999,0.0634,0.26043000000000005,0.2011933333333333,0.16674500000000006,0.014168469841763075,0.017219999999999996,1.136,1.0,1.0,1.0,1.0679999999999998,1.0453333333333332,1.034,1.0,1.0,0.00136,0.0,0.0,0.0,0.0006799999999999999,0.0004533333333333334,0.00034,0.0,0.0,0.011359999999999999,0.01,0.01,0.01,0.01068,0.010453333333333332,0.01034,0.01,0.01,44.676,46.496,47.54800000000001,47.861999999999995,45.58599999999999,46.23999999999999,46.6455,46.850337161601104,45.95,0.7964,0.9928,1.1002399999999999,1.17586,0.8946,0.9631466666666668,1.0163249999999997,1.3399054187606323,1.33847,0.4467599999999999,0.4649599999999999,0.4754800000000001,0.4786199999999999,0.4558599999999999,0.4623999999999999,0.466455,0.4685033716160111,0.4595
3,64.858,69.47399999999999,69.406,68.834,67.16599999999998,67.91266666666667,68.143,60.89093089031996,62.91599999999998,1.2725,1.62244,1.7748400000000002,1.8796000000000004,1.4474699999999998,1.5565933333333333,1.637345,2.1200843034424333,2.18227,0.64858,0.6947399999999999,0.69406,0.6883400000000001,0.6716599999999998,0.6791266666666667,0.68143,0.6089093089031996,0.6291599999999998,71.336,74.64,75.57,72.56,72.988,73.84866666666667,73.5265,20.07833493381161,27.520999999999994,1.85782,2.51304,2.9680400000000002,3.152200000000001,2.18543,2.4463000000000004,2.6227750000000003,1.1526216573016363,1.5509700000000002,0.71336,0.7464,0.7556999999999999,0.7256,0.72988,0.7384866666666667,0.735265,0.20078334933811606,0.27520999999999995,70.32400000000001,60.55799999999999,42.99,29.204,65.44099999999999,57.95733333333333,50.76900000000001,1.8273369846387333,2.454,2.41716,2.7878000000000003,2.2409,1.5471,2.60248,2.4819533333333332,2.24824,0.034319587492055346,0.06278999999999997,0.7032400000000001,0.6055799999999999,0.4299,0.29204,0.6544099999999999,0.5795733333333333,0.5076900000000001,0.018273369846387336,0.024540000000000003,22.664000000000005,6.581999999999997,4.09,3.3600000000000008,14.623,11.112,9.174,1.0028292881432417,1.0,0.90788,0.15474000000000002,0.03684,0.026119999999999997,0.5313100000000001,0.3664866666666666,0.281395,2.829288143241632e-05,0.0,0.2266400000000001,0.06581999999999998,0.0409,0.033600000000000005,0.14623,0.11112,0.09174,0.010028292881432416,0.01,1.188,1.0,1.002,1.0,1.094,1.0633333333333337,1.0475,1.0,1.0,0.00188,0.0,2e-05,0.0,0.00094,0.0006333333333333334,0.000475,0.0,0.0,0.01188,0.01,0.01002,0.01,0.01094,0.010633333333333337,0.010475000000000002,0.01,0.01,55.60800000000001,57.448,56.30800000000002,59.403999999999996,56.52799999999998,56.45466666666666,57.192,58.448211839537045,58.12999999999999,0.9159000000000002,1.1068000000000002,1.17842,1.3301799999999997,1.0113500000000002,1.0670399999999998,1.1328250000000002,1.5202173899440066,1.5368000000000004,0.5560800000000001,0.57448,0.5630800000000001,0.59404,0.5652799999999999,0.5645466666666666,0.57192,0.5844821183953705,0.5812999999999999
4,71.18599999999998,75.26599999999998,77.41,78.71600000000002,73.226,74.62066666666666,75.64450000000002,68.26054291891752,71.86099999999998,1.3580200000000002,1.6502599999999998,1.8524200000000002,2.01886,1.5041399999999998,1.6202333333333332,1.7198900000000001,2.3192272106588483,2.426400000000001,0.7118599999999999,0.7526599999999999,0.7741,0.7871600000000001,0.73226,0.7462066666666667,0.756445,0.6826054291891752,0.7186099999999999,77.69600000000001,77.714,68.43799999999999,59.58000000000001,77.70499999999998,74.616,70.85700000000001,3.74821036186813,5.5420000000000025,2.18078,2.86852,2.8130599999999997,2.72296,2.5246500000000003,2.6207866666666666,2.6463300000000003,0.15160365519072225,0.25326999999999994,0.7769600000000001,0.7771399999999999,0.6843799999999999,0.5958000000000001,0.7770499999999998,0.74616,0.7085700000000001,0.037482103618681296,0.055420000000000004,52.514,23.674,11.776,7.516000000000003,38.094,29.32133333333333,23.87,1.0060113355389233,1.007,2.17404,1.1506999999999998,0.49752,0.29886,1.66237,1.2740866666666666,1.03028,6.599570833041028e-05,7.000000000000001e-05,0.5251399999999999,0.23674,0.11776,0.07516000000000002,0.38094,0.2932133333333333,0.2387,0.010060113355389231,0.01007,1.114,1.004,1.006,1.002,1.0590000000000002,1.0413333333333332,1.0315,1.0015625563443769,1.003,0.00114,4e-05,6e-05,2e-05,0.0005899999999999999,0.0004133333333333333,0.000315,1.5625563443768314e-05,3e-05,0.01114,0.01004,0.01006,0.01002,0.010590000000000002,0.010413333333333332,0.010315000000000001,0.010015625563443771,0.01003,1.1980000000000002,1.0,1.0,1.0,1.099,1.0659999999999998,1.0495,1.0,1.0,0.00198,0.0,0.0,0.0,0.00099,0.00066,0.000495,0.0,0.0,0.01198,0.01,0.01,0.01,0.01099,0.010659999999999998,0.010495,0.01,0.01,63.60799999999999,68.038,64.2,63.728,65.82299999999998,65.28200000000001,64.89349999999999,65.73328704331121,65.346,1.0231,1.22994,1.2217399999999998,1.29028,1.1265200000000002,1.1582599999999998,1.191265,1.6080287970599287,1.6153300000000002,0.6360799999999999,0.68038,0.642,0.6372800000000001,0.6582299999999998,0.6528200000000001,0.6489349999999999,0.6573328704331121,0.65346
5,76.928,78.818,78.55799999999998,81.21,77.87299999999998,78.10133333333334,78.87850000000002,66.24486246545058,71.757,1.47628,1.72954,1.7929200000000003,1.9903,1.60291,1.6662466666666669,1.7472599999999998,2.2623709810649486,2.43015,0.76928,0.78818,0.7855800000000001,0.8120999999999999,0.7787299999999999,0.7810133333333334,0.7887850000000002,0.6624486246545058,0.7175699999999999,71.322,49.49800000000001,33.498000000000005,19.584,60.41,51.43933333333334,43.47549999999999,1.0255750065719285,1.0289999999999997,2.46026,2.1879600000000003,1.5561200000000002,0.8983,2.32411,2.0681133333333332,1.7756599999999998,0.0002616324186604612,0.0003000000000000001,0.7132200000000001,0.49498000000000003,0.3349800000000001,0.19584,0.6041,0.5143933333333334,0.4347549999999999,0.010255750065719285,0.010289999999999995,1.814,1.0599999999999998,1.04,1.004,1.4370000000000005,1.3046666666666664,1.2295,1.0019153297682708,1.003,0.008159999999999999,0.0006000000000000001,0.0004,4e-05,0.004379999999999999,0.003053333333333333,0.0023,1.9153297682709447e-05,3e-05,0.01814,0.010599999999999998,0.0104,0.01004,0.014370000000000003,0.013046666666666665,0.012295,0.010019153297682708,0.010029999999999999,1.344,1.008,1.038,1.006,1.176,1.13,1.099,1.001923076923077,1.005,0.00344,8e-05,0.0003800000000000001,6e-05,0.0017599999999999996,0.0013,0.00099,1.9230769230769225e-05,5e-05,0.01344,0.01008,0.01038,0.01006,0.01176,0.0113,0.01099,0.01001923076923077,0.010049999999999998,1.088,1.002,1.0,1.0,1.045,1.03,1.0225,1.0,1.0,0.0008799999999999998,2e-05,0.0,0.0,0.00045,0.00030000000000000003,0.000225,0.0,0.0,0.01088,0.01002,0.01,0.01,0.01045,0.0103,0.010225,0.01,0.01,68.43799999999999,71.10000000000002,73.232,67.812,69.76899999999999,70.92333333333335,70.1455,70.53879505479144,69.72200000000001,1.0756,1.24964,1.33858,1.27242,1.16262,1.2212733333333334,1.23406,1.700734905321175,1.69263,0.6843799999999999,0.7110000000000001,0.73232,0.67812,0.6976899999999999,0.7092333333333335,0.7014549999999999,0.7053879505479144,0.6972200000000001
6,78.872,81.556,83.302,83.874,80.214,81.24333333333334,81.90100000000002,60.930652791009024,69.792,1.53846,1.83342,1.95216,2.01044,1.6859400000000002,1.7746799999999998,1.83362,2.165073053656848,2.44951,0.78872,0.8155600000000001,0.8330200000000001,0.8387399999999999,0.80214,0.8124333333333333,0.8190100000000001,0.6093065279100902,0.69792,1.94,1.072,1.03,1.1440000000000001,1.506,1.3473333333333333,1.2965,1.0070215834889749,1.005,0.014519999999999996,0.0007600000000000003,0.0003,0.00144,0.007640000000000002,0.005193333333333335,0.004255,7.021583488974793e-05,5e-05,0.0194,0.01072,0.0103,0.01144,0.01506,0.013473333333333332,0.012965,0.010070215834889748,0.010049999999999998,1.5,1.058,1.01,1.004,1.279,1.1893333333333334,1.143,1.0043582151130104,1.006,0.00512,0.00058,0.0001,4e-05,0.00285,0.001933333333333333,0.00146,4.358215113010509e-05,6e-05,0.015,0.01058,0.0101,0.01004,0.01279,0.011893333333333334,0.01143,0.010043582151130106,0.01006,1.202,1.11,1.006,1.0,1.156,1.1059999999999999,1.0795,1.0021988518727651,1.0,0.00202,0.0011,6e-05,0.0,0.0015600000000000002,0.00106,0.0007950000000000001,2.1988518727649163e-05,0.0,0.01202,0.0111,0.01006,0.01,0.01156,0.011059999999999999,0.010795,0.010021988518727652,0.01,1.004,1.0,1.0,1.0,1.002,1.0013333333333332,1.001,1.0,1.0,4e-05,0.0,0.0,0.0,2e-05,1.3333333333333333e-05,1e-05,0.0,0.0,0.01004,0.01,0.01,0.01,0.01002,0.010013333333333329,0.010009999999999998,0.01,0.01,72.83800000000002,78.03399999999998,78.62599999999998,75.51599999999998,75.43599999999998,76.49933333333334,76.25350000000002,73.02032782470984,73.554,1.1340400000000002,1.35136,1.41284,1.3744799999999997,1.2427,1.299413333333333,1.3181799999999997,1.6896011018407733,1.7221499999999998,0.7283799999999999,0.7803399999999999,0.7862600000000001,0.7551599999999999,0.7543599999999999,0.7649933333333334,0.7625350000000002,0.7302032782470985,0.73554
7,82.47399999999998,85.68799999999997,86.20599999999996,87.462,84.081,84.78933333333335,85.45750000000002,46.008187660481994,56.435,1.6883400000000002,1.9913,2.13606,2.21492,1.83982,1.9385666666666668,2.007655,1.7322565348789598,2.0841,0.8247399999999998,0.8568799999999998,0.8620599999999999,0.8746200000000001,0.8408100000000001,0.8478933333333335,0.8545750000000002,0.4600818766048199,0.56435,2.1,1.024,1.014,1.004,1.5620000000000005,1.3793333333333333,1.2855,1.0058596519716454,1.005,0.03238,0.00026000000000000003,0.00014,4e-05,0.016319999999999998,0.010926666666666666,0.008205,5.859651971645511e-05,5e-05,0.021,0.01024,0.01014,0.01004,0.015620000000000004,0.013793333333333331,0.012855000000000002,0.010058596519716452,0.010049999999999998,1.416,1.02,1.006,1.002,1.218,1.147333333333333,1.111,1.0036270903010034,1.002,0.0041600000000000005,0.0002,6e-05,2e-05,0.00218,0.0014733333333333332,0.00111,3.6270903010033444e-05,2e-05,0.014159999999999999,0.0102,0.01006,0.01002,0.01218,0.011473333333333334,0.01111,0.010036270903010036,0.01002,1.108,1.006,1.004,1.0,1.057,1.0393333333333334,1.0295,1.0,1.0,0.00108,6e-05,4e-05,0.0,0.00057,0.00039333333333333337,0.000295,0.0,0.0,0.01108,0.01006,0.01004,0.01,0.01057,0.010393333333333334,0.010295,0.01,0.01,1.1,1.0,1.0,1.0,1.05,1.0333333333333332,1.025,1.0,1.0,0.001,0.0,0.0,0.0,0.0005,0.0003333333333333334,0.00025,0.0,0.0,0.011000000000000001,0.01,0.01,0.01,0.0105,0.010333333333333332,0.01025,0.01,0.01,77.37400000000002,77.71199999999997,77.218,79.392,77.543,77.43466666666666,77.92399999999998,77.16670542705114,75.61399999999998,1.185,1.3126200000000003,1.37356,1.44892,1.24881,1.2903933333333333,1.3300250000000002,1.7253116309754284,1.7056399999999998,0.7737400000000001,0.7771199999999999,0.7721800000000001,0.79392,0.7754300000000001,0.7743466666666666,0.7792399999999999,0.7716670542705114,0.7561399999999999
8,85.34200000000001,87.618,87.66799999999998,84.844,86.48000000000002,86.87599999999998,86.368,16.84285304081771,21.808000000000003,1.84842,2.16478,2.34996,2.39596,2.0066,2.121053333333333,2.18978,0.6332797669629282,0.8345799999999999,0.8534200000000002,0.87618,0.8766799999999999,0.84844,0.8648000000000002,0.8687599999999999,0.8636799999999999,0.16842853040817712,0.21808000000000002,2.34,1.018,1.152,1.006,1.679,1.5033333333333332,1.379,1.007468868249054,1.011,0.03404,0.00018,0.0015200000000000005,6e-05,0.01711,0.011913333333333331,0.00895,7.468868249054009e-05,0.00011,0.0234,0.01018,0.01152,0.01006,0.01679,0.01503333333333333,0.01379,0.01007468868249054,0.01011,1.2160000000000002,1.012,1.004,1.05,1.114,1.0773333333333333,1.0705,1.001984126984127,1.003,0.0021600000000000005,0.00012,4e-05,0.0005,0.0011400000000000002,0.0007733333333333332,0.0007050000000000001,1.9841269841269838e-05,3e-05,0.012160000000000002,0.01012,0.01004,0.0105,0.01114,0.010773333333333331,0.010705,0.010019841269841269,0.010029999999999999,1.218,1.004,1.002,1.002,1.111,1.0746666666666664,1.0565,1.0005882352941178,1.001,0.00218,4e-05,2e-05,2e-05,0.00111,0.0007466666666666667,0.0005650000000000001,5.882352941176471e-06,1e-05,0.01218,0.01004,0.01002,0.01002,0.01111,0.010746666666666665,0.010565,0.010005882352941177,0.010009999999999998,1.004,1.0,1.0,1.0,1.002,1.0013333333333332,1.001,1.0,1.0,4e-05,0.0,0.0,0.0,2e-05,1.3333333333333333e-05,1e-05,0.0,0.0,0.01004,0.01,0.01,0.01,0.01002,0.010013333333333329,0.010009999999999998,0.01,0.01,82.124,84.00599999999999,82.32599999999998,78.53,83.065,82.81866666666667,81.74650000000003,77.87766850145934,76.821,1.25402,1.42714,1.4614800000000003,1.4214199999999997,1.3405799999999999,1.3808799999999999,1.391015,1.6722651464834095,1.6741099999999998,0.82124,0.8400599999999998,0.8232599999999998,0.7853,0.83065,0.8281866666666667,0.8174650000000001,0.7787766850145935,0.7682100000000001
9,87.12799999999999,84.296,75.932,70.382,85.712,82.45199999999998,79.4345,1.6844967504975248,1.969,2.10982,2.3368200000000003,2.3046800000000003,2.2388600000000003,2.22332,2.25044,2.247545,0.02634531837529515,0.04108999999999999,0.8712799999999998,0.84296,0.75932,0.70382,0.8571200000000001,0.8245199999999998,0.794345,0.016844967504975248,0.01969,1.832,1.1,1.162,1.0119999999999998,1.4660000000000002,1.3646666666666667,1.2765,1.0082523073331895,1.011,0.008480000000000001,0.001,0.0016200000000000006,0.00012,0.004739999999999999,0.0036999999999999993,0.002805,8.252307333189688e-05,0.00011,0.01832,0.011000000000000001,0.011619999999999998,0.010119999999999995,0.01466,0.013646666666666666,0.012765,0.010082523073331896,0.01011,1.152,1.02,1.004,1.002,1.086,1.0586666666666666,1.0445,1.0,1.0,0.0015199999999999999,0.00020000000000000004,4e-05,2e-05,0.0008600000000000001,0.0005866666666666665,0.00044500000000000003,0.0,0.0,0.01152,0.0102,0.01004,0.01002,0.010860000000000002,0.010586666666666666,0.010445,0.01,0.01,1.044,1.0759999999999998,1.0,1.0,1.06,1.04,1.03,1.0012132352941177,1.002,0.0004400000000000001,0.0007599999999999999,0.0,0.0,0.0006,0.0004,0.0003,1.2132352941176473e-05,2e-05,0.01044,0.010759999999999999,0.01,0.01,0.0106,0.0104,0.0103,0.010012132352941176,0.01002,1.006,1.0,1.0,1.0,1.003,1.0019999999999998,1.0014999999999998,1.0,1.0,6e-05,0.0,0.0,0.0,3e-05,2e-05,1.5e-05,0.0,0.0,0.01006,0.01,0.01,0.01,0.010029999999999999,0.010019999999999998,0.010014999999999998,0.01,0.01,81.318,83.816,87.31,81.384,82.56700000000002,84.148,83.45700000000002,81.39880192650263,79.98800000000001,1.2116799999999999,1.40162,1.5484200000000001,1.4864600000000001,1.3066500000000003,1.3872400000000005,1.4120449999999998,1.7249092831353336,1.7113100000000003,0.81318,0.83816,0.8731,0.81384,0.8256700000000001,0.8414799999999999,0.83457,0.8139880192650263,0.7998800000000001
10,21.649999999999995,4.314,2.978,2.88,12.982000000000001,9.647333333333334,7.9555000000000025,1.1373221599951475,1.132,0.50048,0.08778000000000001,0.05930000000000001,0.0485,0.29412999999999995,0.2158533333333333,0.17401499999999998,0.004314398070539711,0.0039,0.21649999999999994,0.04314,0.02978,0.0288,0.12982000000000002,0.09647333333333334,0.079555,0.011373221599951477,0.011319999999999998,1.178,1.02,1.0179999999999998,1.006,1.099,1.0719999999999998,1.0555,1.002738418444301,1.001,0.00178,0.0002,0.0002,6e-05,0.00099,0.0007266666666666668,0.00056,2.738418444300797e-05,1e-05,0.01178,0.0102,0.010179999999999998,0.01006,0.01099,0.01072,0.010554999999999998,0.01002738418444301,0.010009999999999998,1.4139999999999997,1.002,1.006,1.002,1.2079999999999995,1.1406666666666667,1.1059999999999999,1.0019914529914529,1.0019999999999998,0.0041400000000000005,2e-05,6e-05,2e-05,0.0020800000000000003,0.001406666666666667,0.0010600000000000002,1.991452991452992e-05,2e-05,0.014139999999999996,0.01002,0.01006,0.01002,0.012079999999999995,0.011406666666666669,0.011059999999999999,0.01001991452991453,0.010019999999999998,1.126,1.004,1.0,1.004,1.065,1.0433333333333332,1.0335,1.0080476190476189,1.0,0.0012600000000000005,4e-05,0.0,4e-05,0.00065,0.0004333333333333334,0.000335,8.047619047619048e-05,0.0,0.01126,0.01004,0.01,0.01004,0.01065,0.010433333333333331,0.010334999999999999,0.01008047619047619,0.01,1.178,1.0,1.0,1.0,1.089,1.0593333333333337,1.0445,1.0,1.0,0.00178,0.0,0.0,0.0,0.0008900000000000002,0.0005933333333333332,0.000445,0.0,0.0,0.01178,0.01,0.01,0.01,0.01089,0.010593333333333337,0.010445,0.01,0.01,83.14,85.704,85.54400000000003,85.236,84.42199999999998,84.796,84.90599999999998,82.90607316024189,81.72399999999998,1.2328,1.43016,1.5077999999999998,1.54486,1.33148,1.3902533333333331,1.4289049999999996,1.7201489590719736,1.7121799999999998,0.8314,0.8570399999999999,0.8554400000000001,0.85236,0.8442199999999999,0.84796,0.8490599999999999,0.8290607316024189,0.8172399999999999
11,16.462,4.13,2.512,2.3040000000000003,10.296,7.701333333333332,6.351999999999999,1.085451080781963,1.013,0.3597599999999999,0.07687999999999999,0.038860000000000006,0.040119999999999996,0.21832,0.1585,0.128905,0.0019973679506767733,0.00013000000000000002,0.16462000000000002,0.0413,0.02512,0.02304,0.10296,0.07701333333333334,0.06352000000000001,0.01085451080781963,0.010129999999999998,1.1340000000000001,1.014,1.002,1.004,1.0739999999999998,1.05,1.0385,1.0007692307692309,1.0,0.00134,0.00014,2e-05,4e-05,0.0007400000000000001,0.0005000000000000001,0.00038500000000000014,7.692307692307692e-06,0.0,0.011340000000000001,0.01014,0.01002,0.01004,0.010739999999999998,0.0105,0.010385,0.010007692307692308,0.01,1.354,1.1540000000000001,1.006,1.002,1.254,1.1713333333333331,1.129,1.003063603063603,1.002,0.0035400000000000006,0.00154,6e-05,2e-05,0.00254,0.0017133333333333336,0.0012900000000000001,3.0636030636030635e-05,2e-05,0.013539999999999998,0.011540000000000002,0.01006,0.01002,0.01254,0.011713333333333329,0.01129,0.010030636030636031,0.01002,1.114,1.082,1.004,1.0,1.098,1.0666666666666669,1.05,1.0,1.0,0.00114,0.00082,4e-05,0.0,0.00098,0.0006666666666666668,0.0005,0.0,0.0,0.01114,0.01082,0.01004,0.01,0.01098,0.010666666666666666,0.0105,0.01,0.01,1.008,1.0,1.0,1.0,1.004,1.0026666666666666,1.002,1.0,1.0,8e-05,0.0,0.0,0.0,4e-05,2.666666666666667e-05,2e-05,0.0,0.0,0.01008,0.01,0.01,0.01,0.01004,0.010026666666666666,0.01002,0.01,0.01,84.98800000000001,89.16599999999998,86.494,84.348,87.07700000000001,86.88266666666668,86.24900000000002,83.30607639011315,82.53200000000002,1.25062,1.4823799999999998,1.5220799999999997,1.5272999999999997,1.3665,1.41836,1.4455950000000002,1.71576454630337,1.7143400000000002,0.8498800000000002,0.8916599999999998,0.8649399999999999,0.8434799999999999,0.8707700000000002,0.8688266666666665,0.8624900000000001,0.8330607639011316,0.82532
12,14.835999999999999,4.712,1.652,1.672,9.774,7.066666666666667,5.718,1.0552586718836718,1.032,0.34789999999999993,0.10238,0.014640000000000004,0.02298,0.22513999999999995,0.15497333333333332,0.121975,0.0005650867188367188,0.00033,0.14836,0.04712,0.01652,0.01672,0.09774,0.07066666666666667,0.05718,0.01055258671883672,0.010320000000000001,1.598,1.194,1.088,1.006,1.396,1.2933333333333332,1.2215,1.0032549019607842,1.004,0.00598,0.00194,0.0008800000000000002,6e-05,0.00396,0.002933333333333333,0.0022150000000000004,3.2549019607843143e-05,4e-05,0.015979999999999998,0.01194,0.01088,0.01006,0.013959999999999998,0.012933333333333331,0.012215,0.010032549019607841,0.01004,1.134,1.004,1.0,1.002,1.069,1.046,1.035,1.0014285714285711,1.001,0.00134,4e-05,0.0,2e-05,0.0006900000000000001,0.00046,0.00035000000000000005,1.4285714285714285e-05,1e-05,0.01134,0.01004,0.01,0.01002,0.01069,0.01046,0.01035,0.010014285714285712,0.010009999999999998,1.024,1.0,1.0,1.0,1.012,1.008,1.006,1.0,1.0,0.00024,0.0,0.0,0.0,0.00012,8e-05,6e-05,0.0,0.0,0.01024,0.01,0.01,0.01,0.01012,0.01008,0.01006,0.01,0.01,1.004,1.0,1.0,1.0,1.002,1.0013333333333332,1.001,1.0,1.0,4e-05,0.0,0.0,0.0,2e-05,1.3333333333333333e-05,1e-05,0.0,0.0,0.01004,0.01,0.01,0.01,0.01002,0.010013333333333329,0.010009999999999998,0.01,0.01,88.946,90.83400000000002,91.11999999999998,87.54,89.88999999999999,90.3,89.60999999999999,86.48761627588102,85.82799999999997,1.32902,1.5086600000000001,1.61106,1.5957,1.4188399999999999,1.4829133333333333,1.5111100000000002,1.7717715458152958,1.7762399999999996,0.88946,0.9083399999999999,0.9111999999999998,0.8754000000000001,0.8988999999999998,0.903,0.8960999999999999,0.8648761627588101,0.8582799999999997
13,11.675999999999998,4.0280000000000005,1.508,1.722,7.8519999999999985,5.737333333333334,4.733499999999999,1.0930653317270964,1.079,0.2533,0.07455999999999999,0.01006,0.02212,0.16392999999999994,0.11264,0.09000999999999998,0.0012488351354527825,0.00114,0.11675999999999999,0.04028,0.01508,0.01722,0.07851999999999999,0.05737333333333334,0.047335,0.010930653317270963,0.01079,1.246,1.016,1.002,1.0,1.131,1.088,1.0659999999999998,1.000909090909091,1.001,0.0024600000000000004,0.00016,2e-05,0.0,0.00131,0.0008799999999999998,0.00066,9.090909090909093e-06,1e-05,0.01246,0.01016,0.01002,0.01,0.01131,0.010879999999999999,0.01066,0.01000909090909091,0.010009999999999998,1.3519999999999999,1.004,1.004,1.064,1.178,1.12,1.1059999999999999,1.0045959595959597,1.005,0.003520000000000001,4e-05,4e-05,0.00064,0.0017800000000000003,0.0012,0.0010600000000000002,4.595959595959596e-05,5e-05,0.013519999999999999,0.01004,0.01004,0.01064,0.01178,0.011200000000000002,0.011059999999999999,0.010045959595959594,0.010049999999999998,1.022,1.004,1.002,1.004,1.013,1.0093333333333334,1.008,1.0011111111111108,1.001,0.00022,4e-05,2e-05,4e-05,0.00013000000000000002,9.333333333333333e-05,8e-05,1.1111111111111113e-05,1e-05,0.01022,0.01004,0.01002,0.01004,0.010129999999999998,0.010093333333333334,0.01008,0.010011111111111113,0.010009999999999998,1.002,1.0,1.0,1.0,1.001,1.0006666666666666,1.0005,1.0,1.0,2e-05,0.0,0.0,0.0,1e-05,6.6666666666666675e-06,5e-06,0.0,0.0,0.01002,0.01,0.01,0.01,0.010009999999999998,0.010006666666666664,0.010005,0.01,0.01,87.77600000000002,90.53400000000002,89.46600000000002,88.11799999999998,89.15500000000002,89.25866666666668,88.9735,86.88724533799534,85.44899999999998,1.2824599999999995,1.4888599999999996,1.56976,1.6105,1.3856599999999997,1.447026666666667,1.4878949999999995,1.7924156096762716,1.7830199999999998,0.8777600000000001,0.9053400000000004,0.8946600000000002,0.8811799999999999,0.8915500000000002,0.8925866666666669,0.889735,0.8688724533799533,0.8544899999999999
14,7.972,2.61,1.4579999999999995,1.754,5.291,4.013333333333334,3.4485,1.0248003246753248,1.021,0.14756,0.02762,0.01154,0.022480000000000003,0.08758999999999999,0.06224,0.052300000000000006,0.0002480032467532468,0.00021000000000000004,0.07972,0.0261,0.014579999999999997,0.01754,0.052910000000000006,0.04013333333333333,0.034485,0.010248003246753248,0.010209999999999999,1.034,1.008,1.0,1.002,1.021,1.014,1.011,1.004,1.003,0.00034,8e-05,0.0,2e-05,0.00021,0.00014,0.00011000000000000004,4e-05,3e-05,0.01034,0.01008,0.01,0.01002,0.010209999999999999,0.01014,0.01011,0.01004,0.01003,1.04,1.006,1.002,1.0,1.023,1.016,1.012,1.001818181818182,1.001,0.0004,6e-05,2e-05,0.0,0.00023,0.00016,0.00012,1.8181818181818185e-05,1e-05,0.0104,0.01006,0.01002,0.01,0.01023,0.01016,0.01012,0.01001818181818182,0.010009999999999998,1.014,1.002,1.002,1.0,1.008,1.006,1.0045,1.0,1.0,0.00014,2e-05,2e-05,0.0,8e-05,6e-05,4.5e-05,0.0,0.0,0.01014,0.01002,0.01002,0.01,0.01008,0.01006,0.010045,0.01,0.01,1.004,1.0,1.0,1.0,1.002,1.0013333333333332,1.001,1.0,1.0,4e-05,0.0,0.0,0.0,2e-05,1.3333333333333333e-05,1e-05,0.0,0.0,0.01004,0.01,0.01,0.01,0.01002,0.010013333333333329,0.010009999999999998,0.01,0.01,91.95200000000001,91.49399999999996,89.662,87.72400000000002,91.723,91.03600000000002,90.20800000000004,87.31855973193474,85.45100000000002,1.3659799999999995,1.5125600000000003,1.5895800000000009,1.60506,1.4392700000000005,1.4893733333333337,1.5182950000000002,1.8288661799311805,1.8176,0.9195200000000001,0.9149399999999998,0.8966200000000001,0.8772400000000001,0.9172299999999999,0.9103600000000002,0.9020800000000002,0.8731855973193473,0.8545100000000001
15,6.32,2.27,1.5639999999999998,1.084,4.295,3.384666666666667,2.8095,1.0060833333333334,1.005,0.13466,0.027619999999999995,0.0212,0.00084,0.08113999999999999,0.06116000000000001,0.04607999999999999,6.083333333333334e-05,5e-05,0.0632,0.0227,0.015639999999999998,0.01084,0.04295,0.03384666666666667,0.028095,0.010060833333333337,0.010049999999999998,1.2979999999999998,1.182,1.0,1.002,1.2399999999999998,1.16,1.1204999999999998,1.000909090909091,1.0,0.0029800000000000004,0.00182,0.0,2e-05,0.0024,0.0016,0.0012050000000000001,9.090909090909093e-06,0.0,0.012979999999999998,0.01182,0.01,0.01002,0.012399999999999998,0.0116,0.011204999999999998,0.01000909090909091,0.01,1.124,1.002,1.004,1.002,1.0630000000000002,1.0433333333333332,1.033,1.0,1.0,0.00124,2e-05,4e-05,2e-05,0.00063,0.0004333333333333333,0.00033,0.0,0.0,0.011240000000000002,0.01002,0.01004,0.01002,0.010630000000000002,0.010433333333333331,0.01033,0.01,0.01,1.016,1.004,1.0,1.0,1.01,1.0066666666666666,1.005,1.0,1.0,0.00016,4e-05,0.0,0.0,0.0001,6.666666666666666e-05,5e-05,0.0,0.0,0.01016,0.01004,0.01,0.01,0.0101,0.010066666666666666,0.010049999999999998,0.01,0.01,1.0,1.0,1.0,1.0,1.0,1.0,1.0,1.0,1.0,0.0,0.0,0.0,0.0,0.0,0.0,0.0,0.0,0.0,0.01,0.01,0.01,0.01,0.01,0.01,0.01,0.01,0.01,93.28399999999999,93.35600000000001,91.286,90.074,93.32,92.64200000000001,92.0,85.14542673992673,86.01000000000002,1.39752,1.54892,1.6344999999999998,1.69032,1.47322,1.5269799999999998,1.5678150000000002,1.822119095349096,1.85797,0.93284,0.9335600000000001,0.91286,0.90074,0.9332,0.92642,0.92,0.8514542673992673,0.8601000000000002
16,4.512,1.75,1.776,1.4,3.131,2.6793333333333336,2.3595,1.0228782883782883,1.013,0.0913,0.01736,0.019340000000000003,0.01406,0.05432999999999999,0.042666666666666665,0.035514999999999984,0.00022878288378288373,0.00013000000000000002,0.04511999999999999,0.0175,0.017759999999999998,0.013999999999999999,0.031310000000000004,0.02679333333333334,0.023594999999999998,0.010228782883782879,0.010129999999999998,1.386,1.108,1.008,1.006,1.247,1.1673333333333331,1.1269999999999998,1.0019090909090909,1.002,0.00386,0.0010800000000000002,8e-05,6e-05,0.0024700000000000004,0.001673333333333334,0.0012700000000000005,1.909090909090909e-05,2e-05,0.01386,0.01108,0.01008,0.01006,0.012469999999999998,0.011673333333333334,0.011269999999999995,0.010019090909090908,0.01002,1.022,1.004,1.004,1.002,1.013,1.01,1.008,1.0,1.0,0.00022,4e-05,4e-05,2e-05,0.00013000000000000002,0.0001,8e-05,0.0,0.0,0.01022,0.01004,0.01004,0.01002,0.010129999999999998,0.0101,0.01008,0.01,0.01,1.018,1.0,1.002,1.0,1.009,1.0066666666666666,1.005,1.0,1.0,0.00018,0.0,2e-05,0.0,9e-05,6.666666666666667e-05,5.000000000000001e-05,0.0,0.0,0.01018,0.01,0.01002,0.01,0.010089999999999998,0.010066666666666666,0.010049999999999998,0.01,0.01,1.002,1.0,1.0,1.0,1.001,1.0006666666666666,1.0005,1.0,1.0,2e-05,0.0,0.0,0.0,1e-05,6.6666666666666675e-06,5e-06,0.0,0.0,0.01002,0.01,0.01,0.01,0.010009999999999998,0.010006666666666664,0.010005,0.01,0.01,91.712,93.16799999999999,92.43599999999998,90.288,92.44,92.43866666666666,91.90099999999998,82.14389443889443,82.54600000000002,1.3606399999999998,1.5505000000000004,1.6680199999999998,1.71764,1.4555699999999998,1.5263866666666668,1.5741999999999998,1.8374087823287824,1.86884,0.91712,0.93168,0.9243599999999996,0.9028799999999999,0.9244,0.9243866666666666,0.9190099999999998,0.8214389443889444,0.8254600000000002
17,2.3480000000000003,1.276,1.046,1.2080000000000002,1.8120000000000005,1.5566666666666669,1.4695000000000005,1.0059485236985235,1.005,0.038360000000000005,0.00872,0.00046,0.00626,0.023540000000000002,0.015846666666666658,0.013449999999999995,5.948523698523699e-05,5e-05,0.023480000000000004,0.01276,0.01046,0.012080000000000002,0.018120000000000004,0.015566666666666668,0.014695000000000003,0.010059485236985235,0.010049999999999998,1.0279999999999998,1.006,1.006,1.0,1.0170000000000001,1.0133333333333332,1.01,1.000909090909091,1.002,0.00028000000000000003,6e-05,6e-05,0.0,0.00017,0.0001333333333333333,0.0001,9.090909090909093e-06,2e-05,0.010279999999999996,0.01006,0.01006,0.01,0.010170000000000002,0.010133333333333331,0.0101,0.01000909090909091,0.01002,1.15,1.002,1.094,1.0,1.0759999999999998,1.082,1.0615,1.001,1.001,0.0015,2e-05,0.00094,0.0,0.0007599999999999999,0.0008199999999999999,0.000615,1e-05,1e-05,0.0115,0.01002,0.01094,0.01,0.010759999999999999,0.01082,0.010615000000000001,0.010009999999999998,0.010009999999999998,1.008,1.002,1.006,1.0,1.005,1.0053333333333334,1.004,1.0,1.0,8e-05,2e-05,6e-05,0.0,5e-05,5.333333333333333e-05,4e-05,0.0,0.0,0.01008,0.01002,0.01006,0.01,0.010049999999999998,0.010053333333333334,0.01004,0.01,0.01,1.002,1.0,1.0,1.0,1.001,1.0006666666666666,1.0005,1.0,1.0,2e-05,0.0,0.0,0.0,1e-05,6.6666666666666675e-06,5e-06,0.0,0.0,0.01002,0.01,0.01,0.01,0.010009999999999998,0.010006666666666664,0.010005,0.01,0.01,94.38600000000001,93.24799999999999,91.06,88.744,93.81700000000001,92.898,91.8595,69.65748706848706,72.587,1.42654,1.5743400000000003,1.6580000000000001,1.73022,1.5004400000000002,1.5529600000000001,1.597275,1.6352418889443887,1.7222400000000002,0.94386,0.93248,0.9106,0.88744,0.9381700000000001,0.9289799999999999,0.9185950000000002,0.6965748706848706,0.72587
18,2.23,1.6859999999999995,1.138,1.024,1.9580000000000002,1.6846666666666668,1.5195,1.0272821067821067,1.026,0.016640000000000002,0.006860000000000001,0.0013800000000000002,0.00024,0.01175,0.008293333333333333,0.00628,0.00027282106782106785,0.00026000000000000003,0.0223,0.016859999999999997,0.01138,0.01024,0.01958,0.016846666666666666,0.015194999999999997,0.010272821067821068,0.01026,1.018,1.006,1.002,1.0,1.012,1.0086666666666668,1.0065,1.00125,1.001,0.00018,6e-05,2e-05,0.0,0.00012,8.666666666666667e-05,6.500000000000001e-05,1.25e-05,1e-05,0.01018,0.01006,0.01002,0.01,0.01012,0.010086666666666669,0.010065,0.0100125,0.010009999999999998,1.0179999999999998,1.01,1.002,1.002,1.014,1.01,1.008,1.00225,1.002,0.00018,0.0001,2e-05,2e-05,0.00014,0.0001,8e-05,2.25e-05,2e-05,0.010179999999999998,0.0101,0.01002,0.01002,0.01014,0.0101,0.01008,0.010022499999999998,0.01002,1.1440000000000001,1.002,1.0,1.0,1.073,1.0486666666666666,1.0365,1.0,1.0,0.00144,2e-05,0.0,0.0,0.0007300000000000001,0.0004866666666666666,0.000365,0.0,0.0,0.01144,0.01002,0.01,0.01,0.01073,0.010486666666666668,0.010365,0.01,0.01,1.1320000000000001,1.0,1.0,1.0,1.0659999999999998,1.044,1.033,1.0,1.0,0.00132,0.0,0.0,0.0,0.00066,0.0004400000000000001,0.00033,0.0,0.0,0.011320000000000002,0.01,0.01,0.01,0.010659999999999998,0.01044,0.010329999999999999,0.01,0.01,94.868,94.68,92.338,90.90600000000002,94.774,93.962,93.198,50.243488400488395,53.01400000000002,1.4393200000000002,1.6355000000000002,1.7313599999999998,1.83556,1.53741,1.6020599999999998,1.6604350000000003,1.1991920695970697,1.31401,0.94868,0.9468,0.92338,0.9090600000000002,0.94774,0.9396200000000001,0.9319799999999999,0.502434884004884,0.5301400000000002
19,1.518,1.2480000000000002,1.04,1.03,1.383,1.2686666666666664,1.209,1.0138690476190475,1.009,0.01056,0.008759999999999999,0.0004000000000000001,0.0003,0.009659999999999998,0.006573333333333332,0.005004999999999999,0.0001386904761904762,9e-05,0.01518,0.012480000000000002,0.0104,0.0103,0.01383,0.012686666666666664,0.012089999999999998,0.010138690476190476,0.010089999999999998,1.1640000000000001,1.004,1.002,1.084,1.084,1.0566666666666666,1.0635,1.0011111111111108,1.0,0.00164,4e-05,2e-05,0.0008399999999999999,0.00084,0.0005666666666666666,0.0006349999999999999,1.1111111111111113e-05,0.0,0.011640000000000001,0.01004,0.01002,0.01084,0.01084,0.010566666666666669,0.010634999999999999,0.010011111111111113,0.01,1.022,1.122,1.0959999999999999,1.002,1.072,1.08,1.0605000000000002,1.001,1.001,0.00022,0.00122,0.00096,2e-05,0.0007199999999999999,0.0008000000000000001,0.0006050000000000001,1e-05,1e-05,0.01022,0.01122,0.01096,0.01002,0.01072,0.0108,0.010605000000000002,0.010009999999999998,0.010009999999999998,1.008,1.0,1.0,1.0,1.004,1.0026666666666666,1.002,1.0,1.0,8e-05,0.0,0.0,0.0,4e-05,2.666666666666667e-05,2e-05,0.0,0.0,0.01008,0.01,0.01,0.01,0.01004,0.010026666666666666,0.01002,0.01,0.01,1.0,1.002,1.0,1.0,1.001,1.0006666666666666,1.0005,1.0,1.0,0.0,2e-05,0.0,0.0,1e-05,6.6666666666666675e-06,5e-06,0.0,0.0,0.01,0.01002,0.01,0.01,0.010009999999999998,0.010006666666666664,0.010005,0.01,0.01,93.574,92.272,91.83400000000002,89.838,92.92299999999996,92.56,91.8795,23.133453934953927,26.572,1.41552,1.59462,1.77794,1.87362,1.5050700000000001,1.5960266666666667,1.6654250000000004,0.5411231263181264,0.6328600000000001,0.93574,0.9227200000000001,0.9183400000000002,0.89838,0.9292299999999998,0.9256,0.918795,0.2313345393495393,0.26572
20,1.5679999999999998,1.412,1.13,1.0319999999999998,1.4900000000000002,1.3700000000000003,1.2855,1.0078571428571428,1.003,0.005680000000000001,0.00412,0.0013,0.00032,0.004900000000000001,0.0037,0.002855000000000001,7.857142857142858e-05,3e-05,0.01568,0.014119999999999999,0.0113,0.010319999999999998,0.014900000000000004,0.013700000000000004,0.012855000000000002,0.010078571428571428,0.010029999999999999,1.154,1.232,1.008,1.0,1.1929999999999998,1.1313333333333333,1.0985,1.0026785714285713,1.001,0.0015400000000000006,0.0023200000000000004,8e-05,0.0,0.0019300000000000003,0.0013133333333333337,0.0009850000000000002,2.6785714285714284e-05,1e-05,0.01154,0.01232,0.01008,0.01,0.011929999999999998,0.011313333333333331,0.010985,0.010026785714285714,0.010009999999999998,1.1440000000000001,1.006,1.0,1.004,1.075,1.05,1.0385,1.025,1.02,0.00144,6e-05,0.0,4e-05,0.0007500000000000001,0.0005,0.00038500000000000014,0.00025,0.0002,0.01144,0.01006,0.01,0.01004,0.01075,0.0105,0.010385,0.01025,0.0102,1.004,1.0,1.0,1.0,1.002,1.0013333333333332,1.001,1.0,1.0,4e-05,0.0,0.0,0.0,2e-05,1.3333333333333333e-05,1e-05,0.0,0.0,0.01004,0.01,0.01,0.01,0.01002,0.010013333333333329,0.010009999999999998,0.01,0.01,1.002,1.0,1.0,1.0,1.001,1.0006666666666666,1.0005,1.0,1.0,2e-05,0.0,0.0,0.0,1e-05,6.6666666666666675e-06,5e-06,0.0,0.0,0.01002,0.01,0.01,0.01,0.010009999999999998,0.010006666666666664,0.010005,0.01,0.01,87.47200000000002,77.82600000000002,60.898,40.96,82.649,75.39866666666666,66.789,16.027028860028857,10.606999999999998,1.29512,1.28164,1.0505399999999998,0.7188199999999999,1.2883799999999999,1.2091,1.08653,0.3318903102453102,0.21369000000000005,0.8747199999999999,0.7782600000000001,0.60898,0.4096,0.8264900000000001,0.7539866666666666,0.66789,0.1602702886002886,0.10606999999999996
21,2.0620000000000003,1.402,1.036,1.196,1.7320000000000002,1.5,1.4240000000000002,1.046297619047619,1.0279999999999998,0.010620000000000001,0.00402,0.00036,0.00196,0.007320000000000002,0.005000000000000001,0.004240000000000001,0.0004629761904761905,0.00028000000000000003,0.020620000000000003,0.01402,0.01036,0.01196,0.017320000000000002,0.015,0.014240000000000001,0.010462976190476193,0.010279999999999996,1.024,1.004,1.006,1.002,1.014,1.0113333333333332,1.0090000000000001,1.0,1.0,0.00024,4e-05,6e-05,2e-05,0.00014,0.00011333333333333336,9e-05,0.0,0.0,0.01024,0.01004,0.01006,0.01002,0.01014,0.010113333333333332,0.010090000000000002,0.01,0.01,1.158,1.002,1.002,1.0,1.08,1.054,1.0405000000000002,1.0,1.0,0.00158,2e-05,2e-05,0.0,0.0008,0.00054,0.000405,0.0,0.0,0.01158,0.01002,0.01002,0.01,0.0108,0.01054,0.010405000000000005,0.01,0.01,1.006,1.002,1.0,1.0,1.004,1.0026666666666666,1.002,1.0,1.0,6e-05,2e-05,0.0,0.0,4e-05,2.666666666666667e-05,2e-05,0.0,0.0,0.01006,0.01002,0.01,0.01,0.01004,0.010026666666666666,0.01002,0.01,0.01,1.002,1.0,1.0,1.0,1.001,1.0006666666666666,1.0005,1.0,1.0,2e-05,0.0,0.0,0.0,1e-05,6.6666666666666675e-06,5e-06,0.0,0.0,0.01002,0.01,0.01,0.01,0.010009999999999998,0.010006666666666664,0.010005,0.01,0.01,88.17199999999998,71.88,61.59,43.262,80.02600000000002,73.88066666666667,66.226,14.550794871794874,9.636000000000001,1.33114,1.1865600000000005,1.07332,0.7828,1.25885,1.1970066666666668,1.0934549999999998,0.2918189116439117,0.18625,0.8817199999999998,0.7188,0.6159,0.43262,0.8002600000000001,0.7388066666666667,0.6622600000000001,0.14550794871794875,0.09636000000000004
22,1.052,1.02,1.014,1.0119999999999998,1.036,1.0286666666666666,1.0245,1.0025,1.002,0.0005200000000000001,0.0002,0.00014,0.00012,0.00036,0.0002866666666666667,0.000245,2.5e-05,2e-05,0.01052,0.0102,0.01014,0.010119999999999995,0.01036,0.010286666666666666,0.010245,0.010025,0.01002,1.016,1.002,1.002,1.002,1.0090000000000001,1.0066666666666666,1.0055,1.0,1.0,0.00016,2e-05,2e-05,2e-05,9e-05,6.666666666666666e-05,5.5e-05,0.0,0.0,0.01016,0.01002,0.01002,0.01002,0.010090000000000002,0.010066666666666666,0.010055,0.01,0.01,1.01,1.0,1.002,1.002,1.005,1.004,1.0034999999999998,1.0011111111111108,1.001,0.0001,0.0,2e-05,2e-05,5e-05,4e-05,3.5000000000000004e-05,1.1111111111111113e-05,1e-05,0.0101,0.01,0.01002,0.01002,0.010049999999999998,0.01004,0.010034999999999999,0.010011111111111113,0.010009999999999998,1.0,1.004,1.0,1.002,1.002,1.0013333333333332,1.0015,1.0,1.0,0.0,4e-05,0.0,2e-05,2e-05,1.3333333333333333e-05,1.5e-05,0.0,0.0,0.01,0.01004,0.01,0.01002,0.01002,0.010013333333333329,0.010015000000000001,0.01,0.01,1.004,1.0,1.0,1.0,1.002,1.0013333333333332,1.001,1.0,1.0,4e-05,0.0,0.0,0.0,2e-05,1.3333333333333333e-05,1e-05,0.0,0.0,0.01004,0.01,0.01,0.01,0.01002,0.010013333333333329,0.010009999999999998,0.01,0.01,88.35799999999998,75.808,60.38999999999999,48.62799999999999,82.083,74.85199999999998,68.296,14.251051587301585,8.158000000000001,1.3491200000000003,1.2653599999999998,1.0593,0.8750999999999999,1.30724,1.2245933333333334,1.1372200000000001,0.2929421572871573,0.15825999999999998,0.8835799999999999,0.7580800000000001,0.6038999999999999,0.4862799999999999,0.82083,0.7485199999999999,0.68296,0.14251051587301586,0.08158000000000001
23,1.3719999999999999,1.3120000000000005,1.02,1.006,1.3419999999999999,1.2346666666666666,1.1775,1.0075,1.004,0.00372,0.0031200000000000004,0.0002,6e-05,0.003420000000000001,0.0023466666666666666,0.0017750000000000003,7.5e-05,4e-05,0.01372,0.013120000000000005,0.0102,0.01006,0.013419999999999998,0.012346666666666666,0.011775,0.010075,0.01004,1.59,1.002,1.212,1.0,1.2960000000000005,1.268,1.2009999999999998,1.0,1.0,0.0059,2e-05,0.0021200000000000004,0.0,0.00296,0.00268,0.00201,0.0,0.0,0.0159,0.01002,0.01212,0.01,0.012960000000000005,0.01268,0.012009999999999998,0.01,0.01,1.002,1.002,1.0,1.0,1.002,1.0013333333333332,1.001,1.0,1.0,2e-05,2e-05,0.0,0.0,2e-05,1.3333333333333333e-05,1e-05,0.0,0.0,0.01002,0.01002,0.01,0.01,0.01002,0.010013333333333329,0.010009999999999998,0.01,0.01,1.004,1.0,1.002,1.0,1.002,1.002,1.0015,1.0,1.0,4e-05,0.0,2e-05,0.0,2e-05,2e-05,1.5e-05,0.0,0.0,0.01004,0.01,0.01002,0.01,0.01002,0.01002,0.010015000000000001,0.01,0.01,1.002,1.0,1.0,1.0,1.001,1.0006666666666666,1.0005,1.0,1.0,2e-05,0.0,0.0,0.0,1e-05,6.6666666666666675e-06,5e-06,0.0,0.0,0.01002,0.01,0.01,0.01,0.010009999999999998,0.010006666666666664,0.010005,0.01,0.01,84.744,68.83800000000001,54.578,40.51600000000001,76.791,69.38666666666667,62.169,10.924440476190476,5.859,1.30072,1.1418799999999998,0.95784,0.7267399999999999,1.2213,1.1334799999999998,1.0317949999999998,0.21431467893217893,0.10765,0.84744,0.68838,0.54578,0.4051600000000001,0.76791,0.6938666666666667,0.62169,0.10924440476190478,0.05859
24,1.082,1.048,1.016,1.016,1.065,1.0486666666666666,1.0405,1.0035876623376625,1.002,0.00082,0.00048,0.00016,0.00016,0.00065,0.0004866666666666666,0.000405,3.587662337662337e-05,2e-05,0.01082,0.01048,0.01016,0.01016,0.01065,0.010486666666666668,0.010405,0.010035876623376622,0.01002,1.038,1.008,1.004,1.006,1.023,1.0166666666666666,1.014,1.0,1.0,0.0003800000000000001,8e-05,4e-05,6e-05,0.00023,0.00016666666666666666,0.00014,0.0,0.0,0.01038,0.01008,0.01004,0.01006,0.01023,0.010166666666666666,0.01014,0.01,0.01,1.008,1.002,1.004,1.0,1.005,1.0046666666666666,1.0034999999999998,1.0,1.0,8e-05,2e-05,4e-05,0.0,5e-05,4.666666666666667e-05,3.5000000000000004e-05,0.0,0.0,0.01008,0.01002,0.01004,0.01,0.010049999999999998,0.010046666666666666,0.010034999999999999,0.01,0.01,1.002,1.0,1.0,1.002,1.001,1.0006666666666666,1.001,1.0,1.0,2e-05,0.0,0.0,2e-05,1e-05,6.6666666666666675e-06,1e-05,0.0,0.0,0.01002,0.01,0.01,0.01002,0.010009999999999998,0.010006666666666664,0.010009999999999998,0.01,0.01,1.002,1.0,1.0,1.0,1.001,1.0006666666666666,1.0005,1.0,1.0,2e-05,0.0,0.0,0.0,1e-05,6.6666666666666675e-06,5e-06,0.0,0.0,0.01002,0.01,0.01,0.01,0.010009999999999998,0.010006666666666664,0.010005,0.01,0.01,85.556,68.07600000000001,56.56999999999999,44.996,76.81600000000002,70.06733333333334,63.7995,13.138643772893774,4.71,1.3381,1.13558,1.0082600000000002,0.8177800000000001,1.23684,1.1606466666666666,1.0749300000000002,0.26665760656010656,0.08356,0.85556,0.6807599999999999,0.5657,0.44996,0.7681600000000002,0.7006733333333334,0.637995,0.1313864377289377,0.0471
25,1.6939999999999995,1.15,1.136,1.016,1.422,1.3266666666666669,1.249,1.0278571428571428,1.0,0.006940000000000001,0.0015000000000000002,0.00136,0.00016,0.004220000000000001,0.0032666666666666664,0.00249,0.0002785714285714286,0.0,0.016939999999999997,0.0115,0.011359999999999999,0.01016,0.014219999999999997,0.013266666666666666,0.012490000000000001,0.010278571428571429,0.01,1.02,1.014,1.004,1.008,1.0170000000000001,1.0126666666666666,1.0115,1.0,1.0,0.0002,0.00014,4e-05,8e-05,0.00017,0.00012666666666666664,0.000115,0.0,0.0,0.0102,0.01014,0.01004,0.01008,0.010170000000000002,0.010126666666666666,0.010115,0.01,0.01,1.0179999999999998,1.008,1.0,1.002,1.013,1.0086666666666666,1.0070000000000001,1.0,1.0,0.00018,8e-05,0.0,2e-05,0.00013000000000000002,8.666666666666667e-05,7.000000000000001e-05,0.0,0.0,0.010179999999999998,0.01008,0.01,0.01002,0.010129999999999998,0.010086666666666666,0.01007,0.01,0.01,1.008,1.0,1.0,1.0,1.004,1.0026666666666666,1.002,1.0,1.0,8e-05,0.0,0.0,0.0,4e-05,2.666666666666667e-05,2e-05,0.0,0.0,0.01008,0.01,0.01,0.01,0.01004,0.010026666666666666,0.01002,0.01,0.01,1.002,1.0,1.0,1.0,1.001,1.0006666666666666,1.0005,1.0,1.0,2e-05,0.0,0.0,0.0,1e-05,6.6666666666666675e-06,5e-06,0.0,0.0,0.01002,0.01,0.01,0.01,0.010009999999999998,0.010006666666666664,0.010005,0.01,0.01,88.488,73.29599999999998,56.141999999999996,45.40200000000001,80.892,72.64200000000002,65.83200000000001,13.588154401154402,4.001000000000001,1.38972,1.2523600000000001,0.9996,0.8314400000000001,1.3210399999999998,1.2138933333333335,1.11828,0.2825486471861472,0.06808000000000003,0.8848799999999999,0.7329600000000001,0.5614199999999999,0.4540200000000001,0.80892,0.7264200000000001,0.6583200000000001,0.135881544011544,0.04001000000000001
26,1.5079999999999998,1.16,1.13,1.01,1.334,1.266,1.202,1.0039166666666666,1.0,0.00508,0.0016000000000000005,0.0013,0.0001,0.00334,0.00266,0.00202,3.9166666666666665e-05,0.0,0.015079999999999996,0.0116,0.0113,0.0101,0.013339999999999998,0.01266,0.01202,0.010039166666666663,0.01,1.016,1.004,1.004,1.0,1.01,1.008,1.006,1.0016666666666665,1.0,0.00016,4e-05,4e-05,0.0,0.0001,8e-05,6e-05,1.6666666666666667e-05,0.0,0.01016,0.01004,0.01004,0.01,0.0101,0.01008,0.01006,0.010016666666666663,0.01,1.01,1.006,1.0,1.002,1.008,1.0053333333333334,1.0045,1.0,1.0,0.0001,6e-05,0.0,2e-05,8e-05,5.333333333333333e-05,4.5e-05,0.0,0.0,0.0101,0.01006,0.01,0.01002,0.01008,0.010053333333333334,0.010045,0.01,0.01,1.006,1.0,1.0,1.0,1.003,1.0019999999999998,1.0015,1.0,1.0,6e-05,0.0,0.0,0.0,3e-05,2e-05,1.5e-05,0.0,0.0,0.01006,0.01,0.01,0.01,0.01003,0.010019999999999998,0.010015000000000001,0.01,0.01,1.004,1.0,1.0,1.0,1.002,1.0013333333333332,1.001,1.0,1.0,4e-05,0.0,0.0,0.0,2e-05,1.3333333333333333e-05,1e-05,0.0,0.0,0.01004,0.01,0.01,0.01,0.01002,0.010013333333333329,0.010009999999999998,0.01,0.01,86.20400000000002,67.79599999999999,51.554000000000016,42.842,76.99999999999999,68.51800000000001,62.099,10.051170634920632,3.045,1.37594,1.1634,0.9175,0.78282,1.26967,1.15228,1.0599150000000002,0.1947502380952381,0.04453,0.8620399999999999,0.6779599999999999,0.5155400000000001,0.42841999999999997,0.7699999999999999,0.6851800000000001,0.6209899999999999,0.10051170634920634,0.03045
27,1.072,1.026,1.016,1.01,1.0490000000000002,1.038,1.031,1.0053571428571428,1.0,0.00072,0.00026000000000000003,0.00016,0.0001,0.00049,0.00037999999999999997,0.00031,5.357142857142857e-05,0.0,0.01072,0.01026,0.01016,0.0101,0.01049,0.01038,0.01031,0.010053571428571427,0.01,1.014,1.002,1.002,1.0,1.008,1.006,1.0045,1.0,1.0,0.00014,2e-05,2e-05,0.0,8e-05,6e-05,4.5e-05,0.0,0.0,0.01014,0.01002,0.01002,0.01,0.01008,0.01006,0.010045,0.01,0.01,1.004,1.0,1.0,1.0,1.002,1.0013333333333332,1.001,1.0,1.0,4e-05,0.0,0.0,0.0,2e-05,1.3333333333333333e-05,1e-05,0.0,0.0,0.01004,0.01,0.01,0.01,0.01002,0.010013333333333329,0.010009999999999998,0.01,0.01,1.0,1.0,1.0,1.0,1.0,1.0,1.0,1.0,1.0,0.0,0.0,0.0,0.0,0.0,0.0,0.0,0.0,0.0,0.01,0.01,0.01,0.01,0.01,0.01,0.01,0.01,0.01,1.0,1.0,1.0,1.0,1.0,1.0,1.0,1.0,1.0,0.0,0.0,0.0,0.0,0.0,0.0,0.0,0.0,0.0,0.01,0.01,0.01,0.01,0.01,0.01,0.01,0.01,0.01,80.2,59.36000000000001,46.504,36.044000000000004,69.78000000000002,62.02133333333334,55.52700000000001,8.271579725829726,1.8230000000000002,1.30304,1.01786,0.8329600000000003,0.66972,1.16045,1.0512866666666667,0.955895,0.15986013347763345,0.01835,0.802,0.5936,0.46503999999999995,0.36044,0.6978000000000002,0.6202133333333334,0.5552699999999999,0.08271579725829728,0.018230000000000003
28,1.048,1.0119999999999998,1.01,1.006,1.03,1.0233333333333332,1.0190000000000001,1.001,1.0,0.00048,0.00012,0.0001,6e-05,0.0003,0.0002333333333333333,0.00019000000000000004,1e-05,0.0,0.01048,0.010119999999999995,0.0101,0.01006,0.0103,0.01023333333333333,0.010190000000000001,0.010009999999999998,0.01,1.0119999999999998,1.008,1.0,1.0,1.01,1.0066666666666666,1.005,1.00125,1.0,0.00012,8e-05,0.0,0.0,0.0001,6.666666666666666e-05,5e-05,1.25e-05,0.0,0.010119999999999995,0.01008,0.01,0.01,0.0101,0.010066666666666666,0.010049999999999998,0.0100125,0.01,1.004,1.002,1.0,1.0,1.003,1.0019999999999998,1.0015,1.0,1.0,4e-05,2e-05,0.0,0.0,3e-05,2e-05,1.5e-05,0.0,0.0,0.01004,0.01002,0.01,0.01,0.01003,0.010019999999999998,0.010015000000000001,0.01,0.01,1.002,1.002,1.0,1.0,1.002,1.0013333333333332,1.001,1.0,1.0,2e-05,2e-05,0.0,0.0,2e-05,1.3333333333333333e-05,1e-05,0.0,0.0,0.01002,0.01002,0.01,0.01,0.01002,0.010013333333333329,0.010009999999999998,0.01,0.01,1.0,1.0,1.0,1.0,1.0,1.0,1.0,1.0,1.0,0.0,0.0,0.0,0.0,0.0,0.0,0.0,0.0,0.0,0.01,0.01,0.01,0.01,0.01,0.01,0.01,0.01,0.01,80.468,63.21,45.57,34.86600000000001,71.83900000000001,63.08266666666666,56.0285,8.009091269841267,1.002,1.34162,1.1127200000000002,0.8367399999999998,0.6430199999999999,1.22717,1.0970266666666668,0.983525,0.16118222222222225,2e-05,0.8046800000000001,0.6321,0.4557,0.3486600000000001,0.7183900000000001,0.6308266666666666,0.560285,0.08009091269841269,0.01002
29,1.54,1.02,1.014,1.016,1.28,1.1913333333333334,1.1475000000000002,1.0049166666666671,1.0,0.0054,0.0002,0.00014,0.00016,0.0028000000000000004,0.0019133333333333333,0.0014750000000000002,4.916666666666667e-05,0.0,0.0154,0.0102,0.01014,0.01016,0.0128,0.011913333333333331,0.011475000000000004,0.010049166666666666,0.01,1.004,1.0,1.0,1.002,1.002,1.0013333333333332,1.0015,1.0,1.0,4e-05,0.0,0.0,2e-05,2e-05,1.3333333333333333e-05,1.5e-05,0.0,0.0,0.01004,0.01,0.01,0.01002,0.01002,0.010013333333333329,0.010015000000000001,0.01,0.01,1.0,1.0,1.0,1.0,1.0,1.0,1.0,1.0,1.0,0.0,0.0,0.0,0.0,0.0,0.0,0.0,0.0,0.0,0.01,0.01,0.01,0.01,0.01,0.01,0.01,0.01,0.01,1.006,1.0,1.0,1.0,1.003,1.0019999999999998,1.0015,1.0,1.0,6e-05,0.0,0.0,0.0,3e-05,2e-05,1.5e-05,0.0,0.0,0.01006,0.01,0.01,0.01,0.01003,0.010019999999999998,0.010015000000000001,0.01,0.01,1.0,1.0,1.0,1.0,1.0,1.0,1.0,1.0,1.0,0.0,0.0,0.0,0.0,0.0,0.0,0.0,0.0,0.0,0.01,0.01,0.01,0.01,0.01,0.01,0.01,0.01,0.01,76.38,59.476000000000006,44.918,35.146,67.928,60.258,53.98,8.142595238095238,1.0,1.3132199999999998,1.0731,0.8375199999999999,0.6682600000000001,1.19316,1.0746133333333332,0.973025,0.16280038961038962,0.0,0.7637999999999999,0.5947600000000001,0.44918,0.35146,0.67928,0.60258,0.5398,0.08142595238095238,0.01
30,1.712,1.16,1.4039999999999997,1.0200000000000002,1.436,1.4253333333333336,1.324,1.0034285714285711,1.0,0.007120000000000001,0.0016,0.00404,0.00020000000000000004,0.004359999999999999,0.004253333333333333,0.0032400000000000003,3.4285714285714284e-05,0.0,0.01712,0.0116,0.014039999999999995,0.0102,0.01436,0.014253333333333338,0.01324,0.010034285714285713,0.01,1.008,1.002,1.0,1.0,1.005,1.0033333333333332,1.0025,1.0,1.0,8e-05,2e-05,0.0,0.0,5e-05,3.333333333333333e-05,2.5e-05,0.0,0.0,0.01008,0.01002,0.01,0.01,0.010049999999999998,0.010033333333333332,0.010025,0.01,0.01,1.0,1.0,1.0,1.0,1.0,1.0,1.0,1.0,1.0,0.0,0.0,0.0,0.0,0.0,0.0,0.0,0.0,0.0,0.01,0.01,0.01,0.01,0.01,0.01,0.01,0.01,0.01,1.006,1.002,1.0,1.0,1.004,1.0026666666666666,1.002,1.0,1.0,6e-05,2e-05,0.0,0.0,4e-05,2.666666666666667e-05,2e-05,0.0,0.0,0.01006,0.01002,0.01,0.01,0.01004,0.010026666666666666,0.01002,0.01,0.01,1.0,1.0,1.0,1.0,1.0,1.0,1.0,1.0,1.0,0.0,0.0,0.0,0.0,0.0,0.0,0.0,0.0,0.0,0.01,0.01,0.01,0.01,0.01,0.01,0.01,0.01,0.01,73.038,52.176,44.88,31.782000000000004,62.607,56.698,50.46900000000001,8.123730158730158,1.0,1.27036,0.95888,0.8455400000000001,0.6016600000000001,1.1146200000000002,1.0249266666666663,0.91911,0.16355563492063493,0.0,0.7303799999999999,0.52176,0.4488,0.31782000000000005,0.62607,0.56698,0.5046900000000001,0.08123730158730158,0.01
31,1.034,1.02,1.008,1.016,1.0270000000000001,1.0206666666666666,1.0195,1.0029166666666671,1.0,0.00034,0.0002,8e-05,0.00016,0.00027,0.00020666666666666666,0.000195,2.9166666666666663e-05,0.0,0.01034,0.0102,0.01008,0.01016,0.01027,0.010206666666666666,0.010195000000000001,0.010029166666666669,0.01,1.008,1.002,1.006,1.002,1.005,1.0053333333333334,1.0045,1.0,1.0,8e-05,2e-05,6e-05,2e-05,5e-05,5.333333333333333e-05,4.5e-05,0.0,0.0,0.01008,0.01002,0.01006,0.01002,0.010050000000000002,0.010053333333333334,0.010045,0.01,0.01,1.008,1.002,1.0,1.0,1.005,1.0033333333333332,1.0025,1.002,1.0,8e-05,2e-05,0.0,0.0,5e-05,3.333333333333333e-05,2.5e-05,2e-05,0.0,0.01008,0.01002,0.01,0.01,0.010049999999999998,0.010033333333333332,0.010025,0.01002,0.01,1.0,1.0,1.0,1.0,1.0,1.0,1.0,1.0,1.0,0.0,0.0,0.0,0.0,0.0,0.0,0.0,0.0,0.0,0.01,0.01,0.01,0.01,0.01,0.01,0.01,0.01,0.01,1.0,1.0,1.0,1.0,1.0,1.0,1.0,1.0,1.0,0.0,0.0,0.0,0.0,0.0,0.0,0.0,0.0,0.0,0.01,0.01,0.01,0.01,0.01,0.01,0.01,0.01,0.01,75.28,55.98,45.916,33.262,65.63,59.05866666666667,52.6095,8.573000360750363,1.0,1.3391799999999998,1.0351400000000002,0.8791199999999999,0.65204,1.18716,1.08448,0.9763699999999998,0.17798216089466087,0.0,0.7528,0.5598,0.45916,0.33262,0.6563,0.5905866666666667,0.526095,0.08573000360750363,0.01
32,1.038,1.016,1.008,1.004,1.0270000000000001,1.0206666666666666,1.0165,1.0,1.0,0.0003800000000000001,0.00016,8e-05,4e-05,0.00027,0.00020666666666666666,0.000165,0.0,0.0,0.01038,0.01016,0.01008,0.01004,0.01027,0.010206666666666666,0.010165,0.01,0.01,1.016,1.004,1.002,1.0,1.01,1.0073333333333334,1.0055,1.0025,1.0,0.00016,4e-05,2e-05,0.0,0.0001,7.333333333333333e-05,5.5e-05,2.5e-05,0.0,0.01016,0.01004,0.01002,0.01,0.0101,0.010073333333333332,0.010055,0.010025,0.01,1.006,1.002,1.0,1.0,1.004,1.0026666666666666,1.002,1.0,1.0,6e-05,2e-05,0.0,0.0,4e-05,2.666666666666667e-05,2e-05,0.0,0.0,0.01006,0.01002,0.01,0.01,0.01004,0.010026666666666666,0.01002,0.01,0.01,1.0,1.0,1.0,1.0,1.0,1.0,1.0,1.0,1.0,0.0,0.0,0.0,0.0,0.0,0.0,0.0,0.0,0.0,0.01,0.01,0.01,0.01,0.01,0.01,0.01,0.01,0.01,1.002,1.0,1.0,1.0,1.001,1.0006666666666666,1.0005,1.0,1.0,2e-05,0.0,0.0,0.0,1e-05,6.6666666666666675e-06,5e-06,0.0,0.0,0.01002,0.01,0.01,0.01,0.010009999999999998,0.010006666666666664,0.010005,0.01,0.01,72.85799999999998,55.28800000000001,38.94600000000001,29.171999999999997,64.07300000000001,55.69733333333335,49.066,6.329777777777778,1.0,1.28694,1.01588,0.73664,0.5596399999999999,1.1514100000000005,1.0131533333333334,0.8997750000000001,0.12492309523809522,0.0,0.7285799999999999,0.5528800000000001,0.38946,0.29172,0.64073,0.5569733333333334,0.49066000000000004,0.06329777777777777,0.01
33,1.3739999999999997,1.172,1.01,1.1320000000000001,1.273,1.1853333333333331,1.1720000000000002,1.0,1.0,0.00374,0.0017200000000000002,0.0001,0.00132,0.00273,0.001853333333333333,0.00172,0.0,0.0,0.013739999999999995,0.01172,0.0101,0.011320000000000002,0.012730000000000002,0.011853333333333334,0.01172,0.01,0.01,1.006,1.002,1.0,1.0,1.004,1.0026666666666666,1.002,1.0016666666666665,1.0,6e-05,2e-05,0.0,0.0,4e-05,2.666666666666667e-05,2e-05,1.6666666666666667e-05,0.0,0.01006,0.01002,0.01,0.01,0.01004,0.010026666666666666,0.01002,0.010016666666666663,0.01,1.008,1.0,1.002,1.0,1.004,1.0033333333333332,1.0025,1.0,1.0,8e-05,0.0,2e-05,0.0,4e-05,3.333333333333333e-05,2.5e-05,0.0,0.0,0.01008,0.01,0.01002,0.01,0.01004,0.010033333333333332,0.010025,0.01,0.01,1.0,1.0,1.0,1.0,1.0,1.0,1.0,1.0,1.0,0.0,0.0,0.0,0.0,0.0,0.0,0.0,0.0,0.0,0.01,0.01,0.01,0.01,0.01,0.01,0.01,0.01,0.01,1.0,1.0,1.0,1.0,1.0,1.0,1.0,1.0,1.0,0.0,0.0,0.0,0.0,0.0,0.0,0.0,0.0,0.0,0.01,0.01,0.01,0.01,0.01,0.01,0.01,0.01,0.01,65.89,50.04,38.876,26.368,57.965,51.602,45.2935,4.332353535353535,1.0,1.16498,0.9258000000000002,0.7433,0.5217199999999999,1.0453900000000005,0.9446933333333334,0.83895,0.07611996392496392,0.0,0.6589,0.5004,0.38876,0.26368,0.57965,0.5160199999999999,0.45293500000000003,0.04332353535353535,0.01
34,1.1760000000000002,1.008,1.002,1.13,1.092,1.0619999999999998,1.079,1.002,1.0,0.0017599999999999996,8e-05,2e-05,0.0013,0.00092,0.00062,0.00079,2e-05,0.0,0.01176,0.01008,0.01002,0.0113,0.01092,0.010619999999999996,0.01079,0.01002,0.01,1.002,1.0,1.0,1.002,1.001,1.0006666666666666,1.001,1.0,1.0,2e-05,0.0,0.0,2e-05,1e-05,6.6666666666666675e-06,1e-05,0.0,0.0,0.01002,0.01,0.01,0.01002,0.010009999999999998,0.010006666666666664,0.010009999999999998,0.01,0.01,1.002,1.002,1.002,1.0,1.002,1.002,1.0015,1.0,1.0,2e-05,2e-05,2e-05,0.0,2e-05,2e-05,1.5e-05,0.0,0.0,0.01002,0.01002,0.01002,0.01,0.01002,0.01002,0.010015000000000001,0.01,0.01,1.0,1.0,1.0,1.0,1.0,1.0,1.0,1.0,1.0,0.0,0.0,0.0,0.0,0.0,0.0,0.0,0.0,0.0,0.01,0.01,0.01,0.01,0.01,0.01,0.01,0.01,0.01,1.0,1.0,1.0,1.0,1.0,1.0,1.0,1.0,1.0,0.0,0.0,0.0,0.0,0.0,0.0,0.0,0.0,0.0,0.01,0.01,0.01,0.01,0.01,0.01,0.01,0.01,0.01,68.062,48.45,34.974000000000004,24.058000000000003,58.256,50.49533333333334,43.886,3.869460317460317,1.0,1.25966,0.91838,0.6731199999999999,0.4766,1.08902,0.9503866666666668,0.83194,0.06189460317460317,0.0,0.68062,0.4845,0.34974000000000005,0.24058000000000002,0.5825600000000001,0.5049533333333334,0.43886000000000003,0.038694603174603166,0.01
35,1.0119999999999998,1.006,1.002,1.004,1.0090000000000001,1.0066666666666666,1.006,1.0,1.0,0.00012,6e-05,2e-05,4e-05,9e-05,6.666666666666666e-05,6e-05,0.0,0.0,0.010119999999999995,0.01006,0.01002,0.01004,0.010090000000000002,0.010066666666666666,0.01006,0.01,0.01,1.008,1.006,1.002,1.002,1.0070000000000001,1.0053333333333334,1.0045,1.0,1.0,8e-05,6e-05,2e-05,2e-05,7.000000000000001e-05,5.333333333333333e-05,4.5e-05,0.0,0.0,0.01008,0.01006,0.01002,0.01002,0.01007,0.010053333333333334,0.010045,0.01,0.01,1.0,1.0,1.0,1.0,1.0,1.0,1.0,1.0,1.0,0.0,0.0,0.0,0.0,0.0,0.0,0.0,0.0,0.0,0.01,0.01,0.01,0.01,0.01,0.01,0.01,0.01,0.01,1.006,1.0,1.0,1.0,1.003,1.002,1.0015,1.0,1.0,6e-05,0.0,0.0,0.0,3e-05,2e-05,1.5e-05,0.0,0.0,0.01006,0.01,0.01,0.01,0.010029999999999999,0.01002,0.010015000000000001,0.01,0.01,1.0,1.0,1.0,1.0,1.0,1.0,1.0,1.0,1.0,0.0,0.0,0.0,0.0,0.0,0.0,0.0,0.0,0.0,0.01,0.01,0.01,0.01,0.01,0.01,0.01,0.01,0.01,57.14999999999999,38.066,27.022,21.882,47.60800000000001,40.746,36.03,3.7019170274170263,1.0,1.0955799999999998,0.7355399999999999,0.5344199999999999,0.4397,0.91556,0.7885133333333333,0.70131,0.05903901875901876,0.0,0.5714999999999999,0.38066,0.27022,0.21882,0.4760800000000001,0.40746,0.3603,0.037019170274170274,0.01
36,1.014,1.006,1.002,1.002,1.01,1.0073333333333334,1.006,1.0,1.0,0.00014,6e-05,2e-05,2e-05,0.0001,7.333333333333333e-05,6e-05,0.0,0.0,0.01014,0.01006,0.01002,0.01002,0.0101,0.010073333333333332,0.01006,0.01,0.01,1.004,1.002,1.0,1.0,1.003,1.0019999999999998,1.0015,1.0,1.0,4e-05,2e-05,0.0,0.0,3e-05,2e-05,1.5e-05,0.0,0.0,0.01004,0.01002,0.01,0.01,0.01003,0.010019999999999998,0.010015000000000001,0.01,0.01,1.002,1.0,1.002,1.0,1.001,1.0013333333333332,1.001,1.0,1.0,2e-05,0.0,2e-05,0.0,1e-05,1.3333333333333333e-05,1e-05,0.0,0.0,0.01002,0.01,0.01002,0.01,0.010009999999999998,0.010013333333333329,0.010009999999999998,0.01,0.01,1.002,1.0,1.002,1.0,1.001,1.0013333333333332,1.001,1.0,1.0,2e-05,0.0,2e-05,0.0,1e-05,1.3333333333333333e-05,1e-05,0.0,0.0,0.01002,0.01,0.01002,0.01,0.010009999999999998,0.010013333333333329,0.010009999999999998,0.01,0.01,1.0,1.0,1.0,1.0,1.0,1.0,1.0,1.0,1.0,0.0,0.0,0.0,0.0,0.0,0.0,0.0,0.0,0.0,0.01,0.01,0.01,0.01,0.01,0.01,0.01,0.01,0.01,54.48999999999999,33.466,24.014,16.727999999999998,43.978,37.32333333333335,32.174499999999995,4.733801587301588,1.0,1.05176,0.6537400000000001,0.47448,0.33044,0.8527499999999998,0.7266600000000001,0.6276050000000002,0.08287908730158731,0.0,0.5448999999999998,0.33466,0.24014,0.16727999999999998,0.43978,0.37323333333333336,0.32174499999999995,0.04733801587301587,0.01
